Ranking,Title,IMDB,Rating,Year
1,Home Alone,7.0,PG,1990
1,Terminator 2: Judgment Day,8.5,R,1991
1,Aladdin,7.9,G,1992
1,Forrest Gump,8.6,PG-13,1994
1,Apollo 13,7.5,PG-13,1995
1,Independence Day,6.8,PG-13,1996
1,Titanic,7.4,PG-13,1997
1,Armageddon,6.3,PG-13,1998
1,Star Wars: Episode I - The Phantom Menace,6.4,PG,1999
1,How the Grinch Stole Christmas,5.7,PG,2000
1,Harry Potter and the Sorcerer's Stone,7.2,PG,2001
1,Spider-Man,7.4,PG-13,2002
1,The Lord of the Rings: The Return of the King,8.8,PG-13,2003
1,Star Wars: Episode III - Revenge of the Sith,7.8,PG-13,2005
1,Spider-Man 3,6.4,PG-13,2007
1,Avatar,7.8,PG-13,2009
1,Harry Potter and the Deathly Hallows: Part 2,8.2,PG-13,2011
1,The Avengers,8.5,PG-13,2012
1,The Hunger Games: Catching Fire,7.9,PG-13,2013
1,The Hunger Games: Mockingjay Part 1,6.9,PG-13,2014
1,Star Wars Episode VII The Force Awakens,8.3,PG-13,2015
1,Star Wars: Episode VIII - The Last Jedi,7.6,PG-13,2017
1,Avengers: Endgame,8.8,,2019
2,Ghost,6.9,PG-13,1990
2,Robin Hood: Prince of Thieves,6.7,PG-13,1991
2,Home Alone 2: Lost in New York,5.9,PG,1992
2,Mrs. Doubtfire,6.6,PG-13,1993
2,True Lies,7.2,R,1994
2,Batman Forever,5.4,PG-13,1995
2,Men in Black,7.0,PG-13,1997
2,Saving Private Ryan,8.5,R,1998
2,The Lord of the Rings: The Fellowship of the Ring,8.8,PG-13,2001
2,The Lord of the Rings: The Two Towers,8.7,PG-13,2002
2,Finding Nemo,8.1,G,2003
2,Spider-Man 2,7.7,PG-13,2004
2,"The Chronicles of Narnia: The Lion, the Witch and the Wardrobe",7.0,PG,2005
2,Night at the Museum,6.4,PG,2006
2,Iron Man,7.9,PG-13,2008
2,Transformers: Revenge of the Fallen,6.0,PG-13,2009
2,Tangled,7.9,PG,2010
2,Transformers: Dark of the Moon,6.5,PG-13,2011
2,Iron Man 3,7.5,PG-13,2013
2,Jurassic World,7.2,PG-13,2015
2,Finding Dory,7.7,PG,2016
2,Avengers: Infinity War,8.6,PG-13,2018
2,Captain Marvel,7.1,,2019
3,Dances with Wolves,8.0,PG-13,1990
3,Batman Returns,6.9,PG-13,1992
3,The Santa Clause,6.1,PG,1994
3,Pocahontas,6.0,G,1995
3,Mission: Impossible,6.9,PG-13,1996
3,The Lost World: Jurassic Park,6.0,PG-13,1997
3,Toy Story 2,8.0,G,1999
3,Mission: Impossible II,5.8,PG-13,2000
3,Star Wars: Episode II - Attack of the Clones,6.8,PG,2002
3,Pirates of the Caribbean: The Curse of the Black Pearl,8.0,PG-13,2003
3,The Passion of the Christ,7.1,R,2004
3,Harry Potter and the Goblet of Fire,7.6,PG-13,2005
3,Cars,7.5,G,2006
3,Transformers,7.3,PG-13,2007
3,Harry Potter and the Half-Blood Prince,7.3,PG,2009
3,The Twilight Saga: Breaking Dawn - Part 1,4.8,PG-13,2011
3,The Hunger Games,7.4,PG-13,2012
3,Captain America: The Winter Soldier,8.1,PG-13,2014
3,The Avengers 2: Age of Ultron,7.8,PG-13,2015
3,Captain America 3 Civil War,8.1,PG-13,2016
3,Wonder Woman,7.7,PG-13,2017
3,Incredibles 2,8.1,PG,2018
3,Aladdin,7.4,,2019
4,Pretty Woman,6.7,R,1990
4,City Slickers,6.7,PG-13,1991
4,Lethal Weapon 3,6.5,R,1992
4,The Firm,6.7,R,1993
4,The Flintstones,4.6,PG,1994
4,Ace Ventura: When Nature Calls,5.8,PG-13,1995
4,101 Dalmatians,5.4,G,1996
4,Liar Liar,6.7,PG-13,1997
4,A Bug's Life,7.2,G,1998
4,Austin Powers: The Spy Who Shagged Me,6.6,PG-13,1999
4,Gladiator,8.3,R,2000
4,"Monsters, Inc.",8.0,G,2001
4,Harry Potter and the Chamber of Secrets,7.1,PG,2002
4,The Matrix Reloaded,7.1,R,2003
4,Meet the Fockers,6.4,PG-13,2004
4,War of the Worlds,6.6,PG-13,2005
4,X-Men: The Last Stand,6.9,PG-13,2006
4,Hancock,6.5,PG-13,2008
4,Iron Man 2,7.2,PG-13,2010
4,The Hangover Part II,6.7,R,2011
4,Despicable Me 2,7.6,PG,2013
4,The Lego Movie,8.0,PG,2014
4,The Secret Life of Pets,6.7,PG,2016
4,Jumanji: Welcome to the Jungle,7.3,PG-13,2017
4,Jurassic World: Fallen Kingdom,6.4,PG-13,2018
4,Us,7.2,,2019
5,Teenage Mutant Ninja Turtles,6.3,PG,1990
5,Hook,6.2,PG,1991
5,A Few Good Men,7.6,R,1992
5,Jumanji,6.4,PG,1995
5,Jerry Maguire,7.3,R,1996
5,Air Force One,6.3,R,1997
5,The Waterboy,5.7,PG-13,1998
5,What Women Want,6.3,PG-13,2000
5,Rush Hour 2,6.5,PG-13,2001
5,My Big Fat Greek Wedding,6.6,PG,2002
5,King Kong,7.6,PG-13,2005
5,The Da Vinci Code,6.4,PG-13,2006
5,Harry Potter and the Order of the Phoenix,7.3,PG-13,2007
5,Up,8.4,PG,2009
5,The Hobbit: An Unexpected Journey,8.2,PG-13,2012
5,The Hobbit 3: The Battle of the Five Armies,7.6,PG-13,2014
5,Furious 7,7.5,PG-13,2015
5,The Jungle Book,7.7,PG,2016
5,How to Train Your Dragon: The Hidden World,7.7,,2019
6,The Hunt for Red October,7.6,PG,1990
6,The Addams Family,6.6,PG-13,1991
6,Sister Act,5.9,PG,1992
6,Indecent Proposal,5.4,R,1993
6,Clear and Present Danger,6.8,PG-13,1994
6,Casper,5.7,PG,1995
6,Ransom,6.6,R,1996
6,As Good as It Gets,7.8,PG-13,1997
6,Doctor Dolittle,5.2,PG-13,1998
6,Tarzan,7.0,G,1999
6,The Perfect Storm,6.2,PG-13,2000
6,X-Men 2,7.5,PG-13,2003
6,Harry Potter and the Prisoner of Azkaban,7.7,PG,2004
6,Wedding Crashers,7.1,R,2005
6,Kung Fu Panda,7.7,PG,2008
6,The Hangover,7.9,R,2009
6,Harry Potter and the Deathly Hallows: Part 1,7.7,PG-13,2010
6,Fast Five,7.4,PG-13,2011
6,The Twilight Saga: Breaking Dawn Part 2,5.7,PG-13,2012
6,Monsters University,7.5,G,2013
6,Transformers Age Of Extinction,6.2,PG-13,2014
6,American Sniper,7.4,R,2015
6,Deadpool,8.1,R,2016
6,Spider-Man: Homecoming,7.9,PG-13,2017
6,Deadpool 2,7.9,R,2018
6,Shazam!,7.4,,2019
7,Sleeping with the Enemy,5.8,R,1991
7,The Bodyguard,5.5,R,1992
7,In the Line of Fire,7.2,R,1993
7,Speed,7.2,R,1994
7,The Rock,7.3,R,1996
7,Batman & Robin,3.6,PG-13,1997
7,Rush Hour,6.8,PG-13,1998
7,Meet the Parents,7.1,PG-13,2000
7,Pearl Harbor,5.4,PG-13,2001
7,Austin Powers in Goldmember,6.1,PG-13,2002
7,Charlie and the Chocolate Factory,7.1,PG,2005
7,Happy Feet,6.7,PG,2006
7,The Bourne Ultimatum,8.2,PG-13,2007
7,Mission: Impossible - Ghost Protocol,7.4,PG-13,2011
7,The Amazing Spider-Man,7.3,PG-13,2012
7,Minions,6.5,PG,2015
7,Zootopia,8.2,PG,2016
7,It,7.9,R,2017
7,The Grinch,6.4,PG,2018
7,Pokemon: Detective Pikachu,7.0,,2019
8,Die Hard 2,7.0,R,1990
8,Father of the Bride,6.3,PG,1991
8,Wayne's World,6.9,PG-13,1992
8,The Pelican Brief,6.4,PG-13,1993
8,The Mask,6.6,PG-13,1994
8,Die Hard: With a Vengeance,7.4,R,1995
8,The Nutty Professor,5.7,PG-13,1996
8,My Best Friend's Wedding,6.2,PG-13,1997
8,Deep Impact,6.0,PG-13,1998
8,The Mummy,6.9,PG-13,1999
8,Ocean's Eleven,7.6,PG-13,2001
8,Chicago,7.2,PG-13,2003
8,The Bourne Supremacy,7.6,PG-13,2004
8,Batman Begins,8.3,PG-13,2005
8,Ice Age: The Meltdown,6.9,PG,2006
8,Madagascar: Escape 2 Africa,6.8,PG,2008
8,The Blind Side,7.7,PG-13,2009
8,Despicable Me,7.5,PG,2010
8,The Hobbit: The Desolation of Smaug,8.1,PG-13,2013
8,X-Men: Days of Future Past,8.3,PG-13,2014
8,The Hunger Games: Mockingjay Part 2,6.7,PG-13,2015
8,Batman v Superman: Dawn of Justice,6.9,PG-13,2016
8,Mission: Impossible - Fallout,8.1,PG-13,2018
8,John Wick: Chapter 3 - Parabellum,8.1,,2019
9,Driving Miss Daisy,7.5,PG,1990
9,The Naked Gun 2 1/2: The Smell of Fear,6.6,PG-13,1991
9,Basic Instinct,6.9,R,1992
9,Maverick,6.9,PG,1994
9,GoldenEye,7.2,PG-13,1995
9,The Birdcage,6.6,R,1996
9,Tomorrow Never Dies,6.4,PG-13,1997
9,Good Will Hunting,8.1,R,1998
9,Runaway Bride,5.2,PG,1999
9,Scary Movie,6.0,R,2000
9,Ice Age,7.4,PG,2002
9,Terminator 3: Rise of the Machines,6.6,R,2003
9,Madagascar,6.6,PG,2005
9,Alvin and the Chipmunks,5.3,PG,2007
9,Alvin and the Chipmunks: The Squeakquel,4.1,PG,2009
9,Sherlock Holmes: A Game of Shadows,7.5,PG-13,2011
9,Ted,7.2,R,2012
9,Fast and Furious 6,7.2,PG-13,2013
9,Big Hero 6,8.0,PG,2014
9,The Martian,8.1,PG-13,2015
9,Suicide Squad,6.6,PG-13,2016
9,Despicable Me 3,6.3,PG,2017
9,Ant-Man and the Wasp,7.4,PG-13,2018
9,Dumbo,6.6,,2019
10,Dick Tracy,6.0,PG,1990
10,Fried Green Tomatoes,7.4,PG-13,1991
10,A League of Their Own,7.0,PG,1992
10,Cliffhanger,6.2,R,1993
10,Interview with the Vampire: The Vampire Chronicles,7.4,R,1994
10,Crimson Tide,7.2,R,1995
10,Face/Off,7.3,R,1997
10,The Blair Witch Project,6.3,R,1999
10,What Lies Beneath,6.5,PG-13,2000
10,Planet of the Apes,5.5,PG-13,2001
10,A Beautiful Mind,8.0,PG-13,2002
10,Shark Tale,5.9,PG,2004
10,Mr. & Mrs. Smith,6.4,PG-13,2005
10,The Pursuit of Happyness,7.8,PG-13,2006
10,Horton Hears a Who!,7.2,G,2008
10,How to Train Your Dragon,8.2,PG,2010
10,Madagascar 3: Europe's Most Wanted,7.0,PG,2012
10,Oz The Great and Powerful,6.6,PG,2013
10,Cinderella,7.2,PG,2015
10,Sing,7.2,PG,2016
11,Cape Fear,7.3,R,1991
11,The Hand That Rocks the Cradle,6.3,R,1992
11,Free Willy,5.4,PG,1993
11,The Client,6.6,PG-13,1994
11,Waterworld,5.7,PG-13,1995
11,The First Wives Club,5.6,PG,1996
11,Patch Adams,6.3,PG-13,1998
11,Stuart Little,5.9,PG,1999
11,Hannibal,6.5,R,2001
11,Cheaper by the Dozen,5.6,PG,2003
11,Over the Hedge,7.0,PG,2006
11,Ratatouille,8.1,G,2007
11,Sex and the City,5.4,R,2008
11,Monsters vs Aliens,6.8,PG,2009
11,Rise of the Planet of the Apes,7.7,PG-13,2011
11,The Amazing Spider-Man 2,7.1,PG-13,2014
11,Spectre,6.9,PG-13,2015
11,Logan,8.2,R,2017
11,A Star Is Born,8.3,R,2018
11,The Upside,6.4,,2019
12,Back to the Future Part III,7.2,PG,1990
12,Teenage Mutant Ninja Turtles II: The Secret of the Ooze,5.4,PG,1991
12,Under Siege,6.3,R,1992
12,Philadelphia,7.6,PG-13,1993
12,Disclosure,5.9,R,1994
12,Dangerous Minds,5.9,R,1995
12,Phenomenon,6.3,PG,1996
12,Scream 2,5.9,R,1997
12,Lethal Weapon 4,6.5,R,1998
12,"Crouching Tiger, Hidden Dragon",8.0,PG-13,2000
12,Die Another Day,6.0,PG-13,2002
12,Troy,7.0,R,2004
12,The Longest Yard,6.2,PG-13,2005
12,Talladega Nights: The Ballad of Ricky Bobby,6.4,PG-13,2006
12,Mamma Mia!,6.4,PG-13,2008
12,Ice Age: Dawn of the Dinosaurs,7.1,PG,2009
12,TRON: Legacy,7.1,PG,2010
12,Captain America: The First Avenger,7.0,PG-13,2011
12,Wreck-It Ralph,7.9,PG,2012
12,Thor 2: The Dark World,7.3,PG-13,2013
12,Mission: Impossible 5 Rogue Nation,7.6,PG-13,2015
12,Fantastic Beasts and Where to Find Them,7.6,PG-13,2016
12,The Fate of the Furious,6.9,PG-13,2017
12,Solo: A Star Wars Story,7.1,PG-13,2018
12,The Lego Movie 2: The Second Part,6.9,,2019
13,Presumed Innocent,6.8,R,1990
13,Backdraft,6.6,R,1991
13,Star Trek: Generations,6.4,PG,1994
13,While You Were Sleeping,6.5,PG,1995
13,Scream,7.2,R,1996
13,Con Air,6.6,R,1997
13,The Truman Show,8.0,PG,1998
13,American Beauty,8.5,R,1999
13,Erin Brockovich,7.2,R,2000
13,The Fast and the Furious,6.0,PG-13,2001
13,Anger Management,6.1,PG-13,2003
13,Fantastic Four,5.7,PG-13,2005
13,Click,6.7,PG-13,2006
13,Wild Hogs,6.0,PG-13,2007
13,X-Men Origins: Wolverine,6.7,PG-13,2009
13,22 Jump Street,7.7,R,2014
13,Coco,9.0,PG,2017
13,Venom,7.0,,2018
13,Alita: Battle Angel,7.6,,2019
14,Days of Thunder,5.5,PG-13,1990
14,Star Trek VI: The Undiscovered Country,7.2,PG,1991
14,Dracula,7.3,R,1992
14,Grumpy Old Men,6.8,PG-13,1993
14,Ace Ventura: Pet Detective,6.7,PG-13,1994
14,Father of the Bride Part II,5.5,PG,1995
14,Eraser,5.9,R,1996
14,Contact,7.4,PG,1997
14,Mulan,7.2,G,1998
14,Lara Croft: Tomb Raider,5.4,PG-13,2001
14,Lilo & Stitch,7.1,G,2002
14,Bringing Down the House,5.4,PG-13,2003
14,50 First Dates,6.8,PG-13,2004
14,Chicken Little,5.8,G,2005
14,Mission: Impossible III,6.9,PG-13,2006
14,Knocked Up,7.5,R,2007
14,The Chronicles of Narnia: Prince Caspian,6.9,PG,2008
14,Night at the Museum: Battle of the Smithsonian,5.9,PG,2009
14,Clash of the Titans,5.9,PG-13,2010
14,Bridesmaids,7.2,R,2011
14,Men in Black III,7.0,PG-13,2012
14,The Croods,7.3,PG,2013
14,Ant-Man,7.7,PG-13,2015
14,The Revenant,8.1,R,2016
14,Dunkirk,8.4,PG-13,2017
14,Ralph Breaks the Internet,7.3,,2018
14,A Madea Family Funeral,4.2,PG-13,2019
15,Another 48 Hrs.,5.5,R,1990
15,The Prince of Tides,6.5,R,1991
15,White Men Can't Jump,6.4,R,1992
15,Cool Runnings,6.6,PG,1993
15,Congo,4.6,PG-13,1995
15,The Hunchback of Notre Dame,6.6,G,1996
15,Hercules,6.8,G,1997
15,Double Jeopardy,6.0,R,1999
15,Nutty Professor II: The Klumps,4.3,PG-13,2000
15,Traffic,7.8,R,2001
15,Hulk,5.7,PG-13,2003
15,Robots,6.4,PG,2005
15,Interstellar,8.8,PG-13,2014
15,Home,6.7,PG,2015
15,Jason Bourne,6.8,PG-13,2016
15,Get Out,7.8,R,2017
15,Spider-Man: Into the Spider-Verse,8.7,,2018
15,Escape Room,6.4,,2019
16,3 Men and a Little Lady,4.7,PG,1990
16,JFK,8.0,R,1991
16,The Last of the Mohicans,7.8,R,1992
16,Dave,6.8,PG-13,1993
16,Wolf,6.0,R,1994
16,Braveheart,8.4,R,1995
16,Michael,5.5,PG,1996
16,Flubber,4.6,PG,1997
16,Enemy of the State,7.2,R,1998
16,Notting Hill,6.9,PG-13,1999
16,Big Momma's House,4.8,PG-13,2000
16,Dr. Dolittle 2,4.5,PG,2001
16,The Santa Clause 2,5.5,G,2002
16,2 Fast 2 Furious,5.3,PG-13,2003
16,Fahrenheit 9/11,7.5,R,2004
16,Walk the Line,7.9,PG-13,2005
16,Borat: Cultural Learnings of America for Make Benefit Glorious Nation of Kazakhs,7.5,R,2006
16,Rush Hour 3,6.0,PG-13,2007
16,Wanted,6.8,R,2008
16,The Proposal,6.7,PG-13,2009
16,Little Fockers,5.3,PG-13,2010
16,Puss in Boots,6.8,PG,2011
16,Ice Age: Continental Drift,6.6,PG,2012
16,We're the Millers,7.1,R,2013
16,How to Train Your Dragon 2,8.2,PG,2014
16,Hotel Transylvania 2,6.8,PG,2015
16,Star Trek Beyond,7.2,PG-13,2016
16,The Lego Batman Movie,7.5,PG,2017
16,A Quiet Place,7.7,PG-13,2018
16,Pet Sematary,6.0,,2019
17,Bird on a Wire,5.5,PG-13,1990
17,Hot Shots!,6.5,PG-13,1991
17,Unforgiven,8.3,R,1992
17,Rising Sun,6.1,R,1993
17,The Specialist,4.9,R,1994
17,Get Shorty,6.9,R,1995
17,Star Trek: First Contact,7.6,PG-13,1996
17,Conspiracy Theory,6.5,R,1997
17,The Prince of Egypt,6.8,PG,1998
17,Wild Wild West,4.3,PG-13,1999
17,Remember the Titans,7.5,PG,2000
17,Minority Report,7.7,PG-13,2002
17,Lemony Snicket's A Series of Unfortunate Events,6.9,PG,2004
17,Wallace & Gromit in The Curse of the Were-Rabbit,7.7,G,2005
17,Snow White and the Huntsman,6.3,PG-13,2012
17,Fifty Shades of Grey,4.2,R,2015
17,X-Men: Apocalypse,7.3,PG-13,2016
17,The Greatest Showman,8.0,PG,2017
17,Crazy Rich Asians,7.5,PG-13,2018
17,What Men Want,4.6,,2019
18,The Godfather: Part III,7.6,R,1990
18,What About Bob?,6.8,PG,1991
18,Boomerang,5.1,R,1992
18,Four Weddings and a Funeral,7.1,R,1994
18,The Bridges of Madison County,7.3,R,1995
18,Space Jam,5.6,PG,1996
18,I Know What You Did Last Summer,5.4,R,1997
18,The Rugrats Movie,5.4,G,1998
18,The Patriot,6.9,R,2000
18,The Princess Diaries,5.9,G,2001
18,Seabiscuit,7.4,PG-13,2003
18,Dodgeball: A True Underdog Story,6.6,PG-13,2004
18,The Break-Up,5.8,PG-13,2006
18,Fantastic Four: Rise of the Silver Surfer,5.8,PG-13,2007
18,The Curious Case of Benjamin Button,8.0,PG-13,2008
18,G.I. Joe: The Rise of Cobra,5.7,PG-13,2009
18,The King's Speech,8.4,R,2010
18,Rio,7.1,G,2011
18,Les Miserables,7.8,PG-13,2012
18,The Great Gatsby,7.4,PG-13,2013
18,Divergent,7.4,PG-13,2014
18,SpongeBob SquarePants 2 Sponge Out of Water,6.4,PG,2015
18,Trolls,6.5,PG,2016
18,The Boss Baby,6.4,PG,2017
18,The Curse of La Llorona,5.7,,2019
19,Flatliners,6.4,R,1990
19,My Girl,6.4,PG-13,1991
19,Scent of a Woman,7.8,R,1992
19,Sister Act 2: Back in the Habit,4.7,PG,1993
19,Mortal Kombat,5.5,PG-13,1995
19,Mr. Holland's Opus,7.1,PG,1996
19,Dante's Peak,5.7,PG-13,1997
19,The General's Daughter,6.1,R,1999
19,Miss Congeniality,6.1,PG-13,2000
19,Sweet Home Alabama,5.8,PG-13,2002
19,The Village,6.6,PG-13,2004
19,Fun with Dick and Jane,6.0,PG-13,2005
19,Gran Torino,8.4,R,2009
19,Straight Outta Compton,8.2,R,2015
19,La La Land,8.4,PG-13,2016
19,Pirates of the Caribbean: Dead Men Tell No Tales,7.0,PG-13,2017
19,Hotel Transylvania 3: Summer Vacation,6.3,PG,2018
19,Godzilla: King of the Monsters,7.2,,2019
20,Misery,7.8,R,1990
20,The Last Boy Scout,6.7,R,1991
20,The Crying Game,7.3,R,1992
20,Tombstone,7.7,R,1993
20,Naked Gun 33 1/3: The Final Insult,6.1,PG-13,1994
20,Grumpier Old Men,6.3,PG-13,1995
20,The English Patient,7.3,R,1996
20,Stepmom,6.2,PG-13,1998
20,Chicken Run,7.3,G,2000
20,The Others,7.8,PG-13,2001
20,Mr. Deeds,5.6,PG-13,2002
20,Spy Kids 3-D: Game Over,4.1,PG,2003
20,Scary Movie 4,5.0,PG-13,2006
20,Enchanted,7.5,PG,2007
20,Bolt,7.4,PG,2008
20,Paul Blart: Mall Cop,5.3,PG-13,2009
20,Shutter Island,8.0,R,2010
20,Cowboys & Aliens,6.2,PG-13,2011
20,Taken 2,6.2,PG-13,2012
20,Identity Thief,5.6,R,2013
20,Ride Along,6.2,PG-13,2014
20,Kung Fu Panda 3,7.3,PG,2016
20,Hidden Figures,7.9,PG,2017
20,Fantastic Beasts: The Crimes of Grindelwald,6.8,,2018
20,Isn't It Romantic,6.0,,2019
21,Boyz n the Hood,7.8,R,1991
21,Far and Away,6.3,PG-13,1992
21,The Three Musketeers,6.1,PG,1993
21,The Crow,7.6,R,1994
21,Nine Months,5.3,PG-13,1995
21,Broken Arrow,5.8,R,1996
21,Anastasia,6.7,G,1997
21,Antz,6.7,PG,1998
21,Sleepy Hollow,7.5,R,1999
21,Gone in Sixty Seconds,6.0,PG-13,2000
21,Legally Blonde,6.2,PG-13,2001
21,The Bourne Identity,7.7,PG-13,2002
21,The Last Samurai,7.8,R,2003
21,The Aviator,7.6,PG-13,2004
21,Million Dollar Baby,8.2,PG-13,2005
21,Tropic Thunder,7.2,R,2008
21,Taken,7.9,PG-13,2009
21,Alvin and the Chipmunks: Chip-Wrecked,4.0,G,2011
21,Mad Max: Fury Road,8.3,R,2015
21,Ghostbusters,5.4,PG-13,2016
21,Kong: Skull Island,6.8,PG-13,2017
21,Halloween,7.1,R,2018
21,Five Feet Apart,7.1,,2019
22,Problem Child,4.5,PG,1990
22,Honey I Blew Up the Kid,4.3,PG,1992
22,Rookie of the Year,5.4,PG,1993
22,Natural Born Killers,7.1,R,1994
22,Outbreak,6.5,R,1995
22,Executive Decision,6.3,R,1996
22,L.A. Confidential,8.4,R,1997
22,The X Files,6.8,PG-13,1998
22,Shakespeare in Love,7.4,R,1999
22,The Sum of All Fears,6.4,PG-13,2002
22,Freaky Friday,6.5,PG,2003
22,Collateral,7.8,R,2004
22,Flightplan,6.2,PG-13,2005
22,Inside Man,7.7,R,2006
22,Superbad,7.8,R,2007
22,Slumdog Millionaire,8.3,R,2009
22,Salt,6.5,PG-13,2010
22,Silver Linings Playbook,7.9,R,2012
22,The Wolverine,6.9,PG-13,2013
22,Into the Woods,6.1,PG,2014
22,Daddy's Home,6.2,PG-13,2015
22,Cars 3,7.0,G,2017
22,The Meg,6.0,PG-13,2018
22,Wonder Park,5.7,PG,2019
23,Arachnophobia,6.2,PG-13,1990
23,Bugsy,6.8,R,1991
23,HouseSitter,5.7,PG,1992
23,Beethoven's 2nd,4.3,PG,1993
23,Angels in the Outfield,5.6,PG,1994
23,Heat,8.3,R,1995
23,Beavis and Butt-Head Do America,6.6,PG-13,1996
23,In & Out,6.1,PG-13,1997
23,The Wedding Singer,6.8,PG-13,1998
23,Inspector Gadget,3.9,PG,1999
23,"Me, Myself & Irene",6.3,R,2000
23,Cats & Dogs,5.2,PG,2001
23,Scary Movie 3,5.4,PG-13,2003
23,The Princess Diaries 2: Royal Engagement,5.3,G,2004
23,Saw II,6.7,R,2005
23,The Santa Clause 3: The Escape Clause,4.1,G,2006
23,The Mummy: Tomb of the Dragon Emperor,5.1,PG-13,2008
23,A Christmas Carol,6.8,PG,2009
23,Rango,7.5,PG,2011
23,Anchorman 2: The Legend Continues,6.6,R,2013
23,The Peanuts Movie,7.2,G,2015
23,The Legend of Tarzan,6.4,PG-13,2016
23,War for the Planet of the Apes,7.8,PG-13,2017
23,Ocean's 8,6.3,PG-13,2018
23,A Dog's Way Home,6.5,,2019
24,Awakenings,7.6,PG-13,1990
24,New Jack City,6.2,R,1991
24,Death Becomes Her,6.0,PG-13,1992
24,Little Women,7.1,PG,1994
24,Waiting to Exhale,5.0,R,1995
24,Jingle All the Way,5.0,PG,1996
24,The Fifth Element,7.5,PG-13,1997
24,City of Angels,6.4,PG-13,1998
24,The Haunting,4.6,PG-13,1999
24,Space Cowboys,6.3,PG-13,2000
24,Save the Last Dance,5.9,PG-13,2001
24,Black Hawk Down,7.7,R,2002
24,The Italian Job,6.9,PG-13,2003
24,Starsky & Hutch,6.2,PG-13,2004
24,Brokeback Mountain,7.8,R,2005
24,Open Season,6.1,PG,2006
24,Hairspray,7.2,PG,2007
24,Angels & Demons,6.6,PG-13,2009
24,Valentine's Day,5.7,PG-13,2010
24,Prometheus,7.3,R,2012
24,G.I. Joe: Retaliation,6.0,PG-13,2013
24,Lone Survivor,7.7,R,2014
24,Insurgent,6.5,PG-13,2015
24,Sully,7.6,PG-13,2016
24,Ready Player One,7.6,PG-13,2018
24,Little,5.4,,2019
25,Look Who's Talking Too,4.1,PG-13,1990
25,The Rocketeer,6.2,PG,1991
25,Unlawful Entry,6.0,R,1992
25,The Nightmare Before Christmas,8.0,PG,1993
25,When a Man Loves a Woman,6.2,R,1994
25,Babe,7.1,G,1995
25,The Cable Guy,5.9,PG-13,1996
25,Mousehunt,6.1,PG,1997
25,Everest,7.2,G,1998
25,The Emperor's New Groove,7.3,G,2000
25,Atlantis: The Lost Empire,6.5,G,2001
25,How to Lose a Guy in 10 Days,6.1,PG-13,2003
25,Monster-in-Law,5.1,PG-13,2005
25,Eagle Eye,6.6,PG-13,2008
25,Terminator Salvation,6.8,PG-13,2009
25,Green Lantern,6.1,PG-13,2011
25,The Fault in Our Stars,8.2,PG-13,2014
25,Kingsman: The Secret Service,7.7,R,2015
25,Wonder,8.1,PG,2017
25,Breakthrough,5.8,,2019
26,Hard to Kill,5.2,R,1990
26,Thelma & Louise,7.3,R,1991
26,Beethoven,5.3,PG,1992
26,Sommersby,5.9,PG-13,1993
26,Legends of the Fall,7.1,R,1995
26,Courage Under Fire,6.6,R,1996
26,The Saint,5.9,PG-13,1997
26,The Horse Whisperer,6.4,PG-13,1998
26,Pocket Monsters: Mewtwo Strikes Back!,4.8,G,1999
26,Jimmy Neutron: Boy Genius,5.9,G,2001
26,Panic Room,6.9,R,2002
26,Mean Girls,7.0,PG-13,2004
26,The Pink Panther,5.2,PG,2006
26,Ocean's Thirteen,6.9,PG-13,2007
26,The Chronicles of Narnia: The Voyage of the Dawn Treader,6.4,PG,2010
26,The Vow,6.7,PG-13,2012
26,Now You See Me,7.3,PG-13,2013
26,Unbroken,7.2,PG-13,2014
26,The Good Dinosaur,6.8,PG,2015
26,The Angry Birds Movie,6.3,PG,2016
26,Transformers: The Last Knight,5.2,PG-13,2017
26,Mamma Mia! Here We Go Again,7.2,PG-13,2018
26,The Intruder,5.4,,2019
27,Goodfellas,8.8,R,1990
27,Point Break,6.9,R,1991
27,Forever Young,6.0,PG,1992
27,Last Action Hero,5.9,PG-13,1993
27,The River Wild,6.2,PG-13,1994
27,Jack,5.3,PG-13,1996
27,The Devil's Advocate,7.3,R,1997
27,Six Days Seven Nights,5.6,PG-13,1998
27,Payback,7.0,R,1999
27,U-571,6.5,PG-13,2000
27,Artificial Intelligence: AI,7.0,PG-13,2001
27,Daddy Day Care,5.5,PG,2003
27,The SpongeBob SquarePants Movie,6.9,PG,2004
27,Are We There Yet?,4.2,PG,2005
27,MASH,7.6,R,2006
27,You Don't Mess with the Zohan,5.7,PG-13,2008
27,Inglourious Basterds,8.4,R,2009
27,Black Swan,8.4,R,2011
27,Night at the Museum 3 Secret of the Tomb,6.3,PG,2014
27,Spy,7.2,R,2015
27,Independence Day: Resurgence,5.4,PG-13,2016
27,Fifty Shades Darker,4.6,R,2017
27,The Nun,5.7,R,2018
27,The Hustle,5.2,,2019
28,Marked for Death,5.3,R,1990
28,Regarding Henry,6.5,PG-13,1991
28,Alien 3,6.4,R,1992
28,Addams Family Values,6.3,PG-13,1993
28,D2: The Mighty Ducks,5.1,PG,1994
28,The American President,6.8,PG-13,1995
28,Twelve Monkeys,8.1,R,1996
28,Kiss the Girls,6.4,R,1997
28,Star Trek: Insurrection,6.3,PG,1998
28,The Talented Mr. Ripley,7.2,R,1999
28,Rugrats in Paris,5.7,G,2000
28,Training Day,7.6,R,2001
28,Two Weeks Notice,5.8,PG-13,2002
28,Charlie's Angels: Full Throttle,4.7,PG-13,2003
28,Scooby Doo 2: Monsters Unleashed,4.8,PG,2004
28,The Dukes of Hazzard,4.8,PG-13,2005
28,Evan Almighty,5.5,PG,2007
28,Due Date,6.8,R,2010
28,Magic Mike,6.2,R,2012
28,The Butler,6.8,PG-13,2013
28,Mr. Peabody & Sherman,7.0,PG,2014
28,The Conjuring 2,7.5,R,2016
28,Girls Trip,6.9,R,2017
28,Creed II,7.3,,2018
28,Cold Pursuit,6.5,,2019
29,RoboCop 2,5.4,R,1990
29,The Fisher King,7.5,R,1991
29,My Cousin Vinny,7.4,R,1992
29,Wayne's World 2,5.8,PG-13,1993
29,Timecop,5.5,R,1994
29,Species,5.6,R,1995
29,Primal Fear,7.6,R,1996
29,Jungle 2 Jungle,4.6,PG,1997
29,Blade,7.0,R,1998
29,Any Given Sunday,6.7,R,1999
29,Along Came a Spider,6.2,R,2001
29,Red Dragon,7.3,R,2002
29,Anchorman: The Legend of Ron Burgundy,7.1,R,2004
29,March of the Penguins,7.8,G,2005
29,Nacho Libre,5.7,PG,2006
29,Meet the Robinsons,6.9,G,2007
29,"10,000 BC",4.9,PG-13,2008
29,District 9,8.3,R,2009
29,Yogi Bear,4.2,PG,2010
29,Just Go with It,6.3,PG-13,2011
29,Creed,7.8,PG-13,2015
29,Arrival,8.1,PG-13,2016
29,Pitch Perfect 3,6.2,PG-13,2017
29,Peter Rabbit,6.3,PG,2018
29,Dragon Ball Super: Broly,8.1,,2019
30,Young Guns II,6.0,PG-13,1990
30,Out for Justice,5.4,R,1991
30,Sneakers,7.0,PG-13,1992
30,Malice,6.2,R,1993
30,The Jungle Book,5.8,PG,1994
30,Sabrina,6.0,PG,1995
30,Tin Cup,6.2,R,1996
30,Spawn,4.9,R,1997
30,Lost in Space,4.8,PG-13,1998
30,Hollow Man,5.5,R,2000
30,Cold Mountain,7.3,R,2003
30,Saw III,6.2,R,2006
30,Beverly Hills Chihuahua,3.5,PG,2008
30,It's Complicated,6.7,R,2009
30,The Girl with the Dragon Tattoo,8.0,R,2011
30,Journey 2: The Mysterious Island,5.7,PG,2012
30,Epic,6.6,PG,2013
30,The Maze Runner,7.0,PG-13,2014
30,Tomorrowland,6.6,PG,2015
30,Daddy's Home 2,6.2,PG-13,2017
30,The Mule,7.2,,2018
30,Long Shot,7.2,,2019
31,Gremlins 2: The New Batch,6.1,PG-13,1990
31,The Doctor,6.6,PG-13,1991
31,The Mighty Ducks,5.9,PG,1992
31,Made in America,4.6,PG-13,1993
31,City Slickers II: The Legend of Curly's Gold,5.2,PG-13,1994
31,Assassins,6.0,R,1995
31,Sleepers,7.3,R,1996
31,A Perfect Murder,6.4,R,1998
31,Galaxy Quest,7.2,PG,1999
31,Chocolat,7.3,PG-13,2001
31,Spy Kids 2: Island of Lost Dreams,5.3,PG,2002
31,Master and Commander: The Far Side of the World,7.5,PG-13,2003
31,AVP: Alien vs. Predator,5.4,PG-13,2004
31,The Ring Two,5.1,R,2005
31,"You, Me and Dupree",5.6,PG-13,2006
31,The Game Plan,6.2,PG,2007
31,The Bucket List,7.5,PG-13,2008
31,Couples Retreat,5.5,PG-13,2009
31,The Social Network,8.2,PG-13,2010
31,Sausage Party,6.5,R,2016
31,Baby Driver,8.0,R,2017
31,The Equalizer 2,7.0,R,2018
31,Happy Death Day 2U,6.5,,2019
32,Rocky V,4.5,PG-13,1990
32,Bill & Ted's Bogus Journey,5.8,PG,1991
32,Malcolm X,7.7,PG-13,1992
32,The Good Son,6.1,R,1993
32,Beverly Hills Cop III,5.0,R,1994
32,Something to Talk About,5.5,R,1995
32,DragonHeart,6.2,PG-13,1996
32,Starship Troopers,7.1,R,1997
32,The Parent Trap,6.2,PG,1998
32,The Thomas Crown Affair,6.7,R,1999
32,The Kid,5.9,PG,2000
32,Scary Movie 2,4.7,R,2001
32,About a Boy,7.2,PG-13,2002
32,Mystic River,8.0,R,2003
32,The Exorcism of Emily Rose,6.8,PG-13,2005
32,High School Musical 3: Senior Year,3.8,G,2008
32,Paranormal Activity,6.7,R,2009
32,Sex and the City 2,4.0,R,2010
32,Bad Teacher,5.7,R,2011
32,Flight,7.3,PG-13,2012
32,Bad Grandpa,6.7,R,2013
32,The Equalizer,7.3,R,2014
32,Terminator Genisys,6.7,PG-13,2015
32,The Magnificent Seven,7.0,PG-13,2016
32,Murder on the Orient Express,6.8,PG-13,2017
32,A Wrinkle in Time,4.2,PG,2018
32,Rocketman,7.7,,2019
33,Joe Versus the Volcano,5.4,PG,1990
33,Dead Again,6.9,R,1991
33,Single White Female,6.2,R,1992
33,The Beverly Hillbillies,4.3,PG,1993
33,The Paper,6.4,R,1994
33,Under Siege 2: Dark Territory,5.1,R,1995
33,Up Close & Personal,5.8,PG-13,1996
33,Austin Powers: International Man of Mystery,7.0,PG-13,1997
33,EverAfter,6.9,PG-13,1998
33,Blue Streak,6.0,PG-13,1999
33,Road Trip,6.4,R,2000
33,The Score,6.8,R,2001
33,Space Station 3D,7.3,,2002
33,"Legally Blonde 2: Red, White & Blonde",4.3,PG-13,2003
33,The Terminal,7.1,PG-13,2004
33,Four Brothers,6.8,R,2005
33,Monster House,6.8,PG,2006
33,Beowulf,6.4,PG-13,2007
33,Watchmen,7.8,R,2009
33,Gnomeo & Juliet,5.7,G,2011
33,Think Like a Man,5.8,PG-13,2012
33,Taken 3,6.1,PG-13,2015
33,Ride Along 2,5.9,PG-13,2016
33,Kingsman: The Golden Circle,7.2,R,2017
33,Fifty Shades Freed,4.4,R,2018
33,On the Basis of Sex,6.6,PG-13,2019
34,Postcards from the Edge,6.5,R,1990
34,Soapdish,6.2,PG-13,1991
34,The Distinguished Gentleman,5.7,R,1992
34,Teenage Mutant Ninja Turtles III,4.3,PG,1993
34,On Deadly Ground,3.9,R,1994
34,A Walk in the Clouds,6.3,PG-13,1995
34,The Preacher's Wife,5.2,PG,1996
34,Breakdown,6.8,R,1997
34,Hope Floats,5.4,PG-13,1998
34,End of Days,5.5,R,1999
34,Blade II,6.6,R,2002
34,Brother Bear,6.6,G,2003
34,Garfield,4.8,PG,2004
34,Barnyard,5.5,PG,2006
34,Valkyrie,7.2,PG-13,2008
34,The Princess and the Frog,7.3,G,2009
34,The Fighter,8.0,R,2010
34,Scream 4,6.5,R,2011
34,This Is the End,7.0,R,2013
34,Non-Stop,7.1,PG-13,2014
34,Sisters,6.1,R,2015
34,Don't Breathe,7.3,R,2016
34,Annabelle: Creation,6.9,R,2017
34,Rampage,6.2,PG-13,2018
34,Fighting with My Family,7.5,PG-13,2019
35,Mermaids,6.4,PG-13,1990
35,Other People's Money,5.9,R,1991
35,Medicine Man,5.7,PG-13,1992
35,Homeward Bound: The Incredible Journey,6.6,G,1993
35,Richie Rich,4.7,PG,1994
35,Clueless,6.7,PG-13,1995
35,Romeo + Juliet,6.9,PG-13,1996
35,Evita,6.1,PG,1997
35,U.S. Marshals,6.3,PG-13,1998
35,The Bone Collector,6.3,R,1999
35,Bring It On,5.9,PG-13,2000
35,Swordfish,6.3,R,2001
35,Snow Dogs,4.9,PG,2002
35,Freddy vs. Jason,5.8,R,2003
35,Ray,7.8,PG-13,2004
35,The Interpreter,6.5,PG-13,2005
35,Runaway Vacation,5.5,PG,2006
35,No Country for Old Men,8.3,R,2007
35,The Muppets,7.6,PG,2011
35,The Expendables 2,7.1,R,2012
35,Heaven Is for Real,5.6,PG,2014
35,Alvin and the Chipmunks: The Road Chip,4.6,PG,2015
35,Miss Peregrine's Home for Peculiar Children,6.8,PG-13,2016
35,Blade Runner 2049,,R,2017
35,Christopher Robin,7.7,PG,2018
35,Hellboy,5.4,,2019
36,Darkman,6.3,R,1990
36,The Doors,7.0,R,1991
36,Passenger 57,5.6,R,1992
36,Falling Down,7.5,R,1993
36,It Could Happen to You,6.2,PG,1994
36,The Brady Bunch Movie,5.6,PG-13,1995
36,One Fine Day,6.2,PG,1996
36,Absolute Power,6.6,R,1997
36,Life Is Beautiful,8.5,PG-13,1998
36,Bowfinger,6.4,PG-13,1999
36,102 Dalmatians,4.5,G,2000
36,The Mexican,6.0,R,2001
36,We Were Soldiers,7.0,R,2002
36,Ladder 49,6.5,PG-13,2004
36,Sideways,7.8,R,2005
36,V for Vendetta,8.2,R,2006
36,What Happens in Vegas,6.0,PG-13,2008
36,Julie & Julia,7.1,PG-13,2009
36,Prince of Persia: The Sands of Time,6.8,PG-13,2010
36,Zero Dark Thirty,7.5,R,2013
36,The Imitation Game,8.1,PG-13,2014
36,Maze Runner 2: Scorch Trials,6.4,PG-13,2015
36,The Accountant,7.4,R,2016
36,John Wick: Chapter 2,7.9,R,2017
36,Green Book,8.3,,2018
36,UglyDolls,4.6,,2019
37,Air America,5.4,R,1990
37,Freddy's Dead: The Final Nightmare,4.5,R,1991
37,A River Runs Through It,7.1,PG,1992
37,The Piano,7.5,R,1993
37,Junior,4.4,PG-13,1994
37,The Net,5.6,PG-13,1995
37,The Mirror Has Two Faces,6.1,PG-13,1996
37,The Man in the Iron Mask,6.1,PG-13,1998
37,Deuce Bigalow: Male Gigolo,5.6,R,1999
37,Rules of Engagement,6.2,R,2000
37,Down to Earth,5.1,PG-13,2001
37,The Texas Chainsaw Massacre,6.1,R,2003
37,Sahara,5.9,PG-13,2005
37,Rocky Balboa,7.4,PG,2006
37,1408,6.8,R,2007
37,He's Just Not That Into You,6.4,PG-13,2009
37,Red,7.1,PG-13,2010
37,"Crazy, Stupid, Love.",7.6,PG-13,2011
37,Jack Reacher,7.0,PG-13,2012
37,42,7.5,PG-13,2013
37,Ted 2,6.6,R,2015
37,Teenage Mutant Ninja Turtles 2 Out of the Shadows,6.2,PG-13,2016
37,The Emoji Movie,2.1,PG,2017
37,I Can Only Imagine,7.6,PG,2018
37,A Dog's Journey,7.3,,2019
38,Pacific Heights,6.2,R,1990
38,White Fang,6.5,PG,1991
38,Stop! Or My Mom Will Shoot,3.6,PG-13,1992
38,Fortress,5.7,R,1993
38,Nell,6.3,PG-13,1994
38,Sense and Sensibility,7.7,PG,1995
38,Don't Be a Menace to South Central While Drinking Your Juice in the Hood,6.2,R,1996
38,G.I. Jane,5.6,R,1997
38,Snake Eyes,5.9,R,1998
38,Life,6.2,R,1999
38,Spy Game,6.9,R,2001
38,The Rookie,6.9,G,2002
38,The Haunted Mansion,4.8,PG,2003
38,White Chicks,5.0,PG-13,2004
38,World Trade Center,6.2,PG-13,2006
38,Cloverfield,7.4,PG-13,2008
38,Percy Jackson & the Olympians: The Lightning Thief,5.8,PG,2010
38,Dark Shadows,6.4,PG-13,2012
38,Annie,5.1,PG,2014
38,Goosebumps,6.4,PG,2015
38,The Purge: Election Year,6.0,R,2016
38,Power Rangers,6.2,PG-13,2017
38,Smallfoot,6.8,PG,2018
38,Ma,7.0,,2019
39,Child's Play 2,5.2,R,1990
39,King Ralph,4.9,PG,1991
39,Encino Man,5.2,PG,1992
39,Hocus Pocus,6.0,PG,1993
39,Street Fighter,3.3,PG-13,1994
39,Casino,8.1,R,1995
39,Dead Man Walking,7.7,R,1996
39,Speed 2: Cruise Control,3.5,PG-13,1997
39,What Dreams May Come,6.6,PG-13,1998
39,She's All That,5.5,PG-13,1999
39,Mission to Mars,5.2,PG,2000
39,The Wedding Planner,4.8,PG-13,2001
39,Barbershop,6.1,PG-13,2002
39,Hidalgo,6.6,PG-13,2004
39,Coach Carter,7.1,PG-13,2005
39,Big Momma's House 2,4.1,PG-13,2006
39,Charlie Wilson's War,7.3,R,2007
39,The Ugly Truth,6.4,R,2009
39,Battle: Los Angeles,5.9,PG-13,2011
39,Planes,5.5,PG,2013
39,Pixels,5.7,PG-13,2015
39,Alice Through the Looking Glass,6.4,PG,2016
39,Ferdinand,6.8,PG,2017
39,The Post,7.4,PG-13,2018
39,Unplanned,6.2,,2019
40,Predator 2,6.0,R,1990
40,Curly Sue,5.0,PG,1991
40,Mo' Money,5.1,R,1992
40,What's Love Got to Do with It,7.0,R,1993
40,The Shadow,5.6,PG-13,1994
40,Man of the House,4.3,PG,1995
40,Happy Gilmore,6.9,PG-13,1996
40,Alien: Resurrection,6.2,R,1997
40,Halloween H20: 20 Years Later,5.4,R,1998
40,Three Kings,7.3,R,1999
40,Behind Enemy Lines,6.2,PG-13,2001
40,Spirit: Stallion of the Cimarron,6.6,G,2002
40,Kill Bill: Vol. 1,8.2,R,2003
40,Herbie Fully Loaded,4.7,G,2005
40,27 Dresses,6.0,PG-13,2008
40,Up in the Air,7.8,R,2009
40,Unstoppable,6.9,PG-13,2010
40,John Carter,6.8,PG-13,2012
40,Annabelle,5.5,R,2014
40,Paddington,7.3,PG,2015
40,Pete's Dragon,7.2,PG,2016
40,The Kid Who Would Be King,6.2,,2019
41,The Rescuers Down Under,6.7,G,1990
41,Dying Young,5.5,R,1991
41,Hot Shots! Part Deux,6.3,PG-13,1993
41,I Love Trouble,5.0,PG,1994
41,Nobody's Fool,7.3,R,1995
41,The Ghost and the Darkness,6.6,R,1996
41,Volcano,5.2,PG-13,1997
41,Small Soldiers,5.9,PG-13,1998
41,Fantasia/2000,7.3,G,1999
41,Snow Day,4.5,PG,2000
41,Ali,6.6,R,2001
41,John Q,6.7,PG-13,2002
41,Holes,7.1,PG,2003
41,Big Fish,8.1,PG-13,2004
41,Flushed Away,7.0,PG,2006
41,Stomp the Yard,4.4,PG-13,2007
41,Hellboy II: The Golden Army,7.3,PG-13,2008
41,Knowing,6.4,PG-13,2009
41,IMAX: Hubble 3D,7.9,G,2010
41,Zookeeper,4.7,PG,2011
41,Oblivion,7.0,PG-13,2013
41,The Intern,7.2,PG-13,2015
41,The Girl on the Train,6.6,R,2016
41,Alien Covenant,6.6,R,2017
41,The First Purge,5.3,R,2018
41,Missing Link,7.0,,2019
42,Internal Affairs,6.4,R,1990
42,Jungle Fever,6.4,R,1991
42,Honeymoon in Vegas,5.8,PG-13,1992
42,Carlito's Way,7.9,R,1993
42,Major League II,4.9,PG,1994
42,French Kiss,6.3,PG-13,1995
42,Mars Attacks!,6.3,PG-13,1996
42,The Full Monty,7.2,R,1997
42,Babe: Pig in the City,6.0,G,1998
42,Bicentennial Man,6.4,PG,1999
42,The Cider House Rules,7.5,PG-13,2000
42,Moulin Rouge!,7.7,PG-13,2001
42,Divine Secrets of the Ya-Ya Sisterhood,5.5,PG-13,2002
42,Kangaroo Jack,4.1,PG,2003
42,Kill Bill: Vol. 2,8.0,R,2004
42,Sky High,6.6,PG,2005
42,Vantage Point,6.7,PG-13,2008
42,Hannah Montana: The Movie,3.6,G,2009
42,War Horse,7.2,PG-13,2011
42,This Is 40,6.2,R,2012
42,Insidious Chapter 2,6.7,PG-13,2013
42,The Other Woman,6.1,PG-13,2014
42,Bridge of Spies,7.7,PG-13,2015
42,Boo! A Madea Halloween,4.7,PG-13,2016
42,Captain Underpants: The First Epic Movie,6.3,PG,2017
42,Game Night,7.4,R,2018
42,Miss Bala,5.1,,2019
43,Cadillac Man,5.4,R,1990
43,Double Impact,5.0,R,1991
43,Grand Canyon,6.8,R,1992
43,Alive,6.9,R,1993
43,Blank Check,4.3,PG,1994
43,Higher Learning,6.2,R,1995
43,Set It Off,6.3,R,1996
43,The Rainmaker,6.9,PG-13,1997
43,Mighty Joe Young,5.4,PG,1998
43,A Civil Action,6.4,PG-13,1999
43,The Whole Nine Yards,6.6,R,2000
43,Rat Race,6.4,PG-13,2001
43,Insomnia,7.3,R,2002
43,The League of Extraordinary Gentlemen,5.5,PG-13,2003
43,The Manchurian Candidate,6.7,R,2004
43,Jarhead,7.2,R,2005
43,Miami Vice,6.0,R,2006
43,Halloween,6.0,R,2007
43,Dear John,5.9,PG-13,2010
43,Saving Mr. Banks,7.7,PG-13,2013
43,The Penguins of Madagascar,6.7,PG,2014
43,A Bad Moms Christmas,5.8,R,2017
43,The House with a Clock in its Walls,6.2,PG,2018
43,The Prodigy,6.0,,2019
44,Memphis Belle,6.8,PG-13,1990
44,Green Card,6.1,PG-13,1991
44,Sleepwalkers,4.6,R,1992
44,Blown Away,5.9,R,1994
44,Mighty Morphin Power Rangers: The Movie,4.0,PG,1995
44,Shine,7.6,PG-13,1996
44,Practical Magic,5.6,PG-13,1998
44,Eyes Wide Shut,7.2,R,1999
44,Next Friday,5.4,R,2000
44,Lara Croft Tomb Raider: The Cradle of Life,5.2,PG-13,2003
44,Barbershop 2: Back in Business,5.4,PG-13,2004
44,Madea's Family Reunion,4.2,PG-13,2006
44,Why Did I Get Married?,4.4,PG-13,2007
44,Fool's Gold,5.4,PG-13,2008
44,Zombieland,7.8,R,2009
44,Tower Heist,6.3,PG-13,2011
44,Looper,7.7,R,2012
44,Let's Be Cops,6.7,R,2014
44,The Big Short,7.8,R,2015
44,10 Cloverfield Lane,7.3,PG-13,2016
44,The Hitman's Bodyguard,7.0,R,2017
44,Book Club,6.1,PG-13,2018
44,Booksmart,7.6,,2019
45,House Party,5.8,R,1990
45,L.A. Story,6.7,PG-13,1991
45,3 Ninjas,4.7,PG,1992
45,Sliver,4.6,R,1993
45,A Low Down Dirty Shame,5.4,R,1994
45,First Knight,5.6,PG-13,1995
45,Diabolique,5.1,R,1996
45,Cop Land,6.9,R,1997
45,Meet Joe Black,6.9,PG-13,1998
45,Never Been Kissed,5.7,PG-13,1999
45,Shanghai Noon,6.6,PG-13,2000
45,The Animal,4.6,PG-13,2001
45,About Schmidt,7.2,R,2002
45,Mona Lisa Smile,6.1,PG-13,2003
45,Miracle,7.4,PG,2004
45,Cinderella Man,8.0,PG-13,2005
45,TMNT,6.6,PG,2007
45,Coraline,7.8,PG,2009
45,Knight and Day,6.5,PG-13,2010
45,The Adventures of Tintin,7.5,PG,2011
45,Madea's Witness Protection,3.7,PG-13,2012
45,2 Guns,6.8,R,2013
45,War Room,6.3,PG,2015
45,Lights Out,6.5,PG-13,2016
45,A Dog's Purpose,6.5,PG,2017
45,Skyscraper,6.0,PG-13,2018
45,Brightburn,6.5,,2019
46,Jacob's Ladder,7.5,R,1990
46,Deceived,5.8,PG-13,1991
46,Final Analysis,5.6,R,1992
46,Robin Hood: Men in Tights,6.3,PG-13,1993
46,In the Army Now,4.3,PG,1994
46,Just Cause,6.2,R,1995
46,A Thin Line Between Love and Hate,4.9,R,1996
46,Nothing to Lose,6.5,R,1997
46,The Negotiator,7.2,R,1998
46,Varsity Blues,6.1,R,1999
46,Shanghai Knights,6.2,PG-13,2003
46,Friday Night Lights,7.2,PG-13,2004
46,The Family Stone,6.3,PG-13,2005
46,The Fast and the Furious: Tokyo Drift,5.6,PG-13,2006
46,Role Models,7.1,R,2008
46,Law Abiding Citizen,7.2,R,2009
46,Battleship,6.0,PG-13,2012
46,Hercules,6.3,PG-13,2014
46,Magic Mike XXL,5.8,R,2015
46,Hacksaw Ridge,8.3,R,2016
46,The Shape of Water,8.2,R,2017
46,Insidious: The Last Key,5.8,PG-13,2018
46,Poms,5.2,,2019
47,Necessary Roughness,5.7,PG-13,1991
47,The Muppet Christmas Carol,7.4,G,1992
47,Dragon: The Bruce Lee Story,6.8,PG-13,1993
47,Drop Zone,5.3,R,1994
47,"To Wong Foo Thanks for Everything, Julie Newmar",5.7,PG-13,1995
47,The Truth About Cats & Dogs,6.3,PG-13,1996
47,Amistad,7.1,R,1997
47,Wag the Dog,7.1,R,1998
47,Forces of Nature,5.1,PG-13,1999
47,Final Destination,6.8,R,2000
47,Blow,7.4,R,2001
47,The Time Machine,5.7,PG-13,2002
47,Bad Santa,7.2,R,2003
47,The Stepford Wives,5.1,PG-13,2004
47,Red Eye,6.5,PG-13,2005
47,3:10 to Yuma,7.8,R,2007
47,Hannah Montana & Miley Cyrus: Best of Both Worlds Concert,2.8,G,2008
47,The Tourist,5.9,PG-13,2010
47,We Bought a Zoo,7.2,PG,2011
47,Mama,6.3,PG-13,2013
47,The Purge Anarchy,6.6,R,2014
47,The Visit,6.2,PG-13,2015
47,The Divergent Series: Allegiant,5.8,PG-13,2016
47,The LEGO Ninjago Movie,6.3,PG,2017
47,Instant Family,7.6,,2018
47,After,5.6,,2019
48,Navy Seals,5.1,R,1990
48,The Hard Way,6.2,R,1991
48,The Lawnmower Man,5.1,R,1992
48,The Joy Luck Club,7.3,R,1993
48,The Shawshank Redemption,9.2,R,1994
48,The Indian in the Cupboard,5.7,PG,1995
48,Muppet Treasure Island,6.6,G,1996
48,Soul Food,6.4,TV-MA,1997
48,Ronin,7.2,R,1998
48,Message in a Bottle,5.7,PG-13,1999
48,Finding Forrester,7.2,PG-13,2000
48,The Royal Tenenbaums,7.6,R,2001
48,Drumline,5.3,PG-13,2002
48,Hellboy,6.8,PG-13,2004
48,Memoirs of a Geisha,7.1,PG-13,2005
48,The Shaggy Dog,4.2,PG,2006
48,Sweeney Todd: The Demon Barber of Fleet Street,7.7,R,2007
48,This Is It,7.3,PG,2009
48,Moneyball,7.7,PG-13,2011
48,Chronicle,7.1,PG-13,2012
48,"Alexander and the Terrible, Horrible, No Good, Very Bad Day",6.2,PG,2014
48,Baywatch,5.6,R,2017
48,Blockers,6.3,R,2018
48,Greta,6.2,,2019
49,Ernest Goes to Jail,4.9,PG,1990
49,Howards End,7.4,PG,1992
49,Hard Target,5.8,R,1993
49,Guarding Tess,6.0,PG-13,1994
49,A Goofy Movie,6.6,G,1995
49,The Long Kiss Goodnight,6.6,R,1996
49,The Devil's Own,5.9,R,1997
49,The Siege,6.1,R,1998
49,South Park: Bigger Longer & Uncut,7.8,R,1999
49,The Road to El Dorado,6.5,PG,2000
49,Exit Wounds,5.3,R,2001
49,The Count of Monte Cristo,7.6,PG-13,2002
49,Love Actually,7.9,R,2003
49,Dawn of the Dead,7.4,R,2004
49,Music and Lyrics,6.6,PG-13,2007
49,Forgetting Sarah Marshall,7.4,R,2008
49,Skyline,4.5,PG-13,2010
49,Jack and Jill,3.4,PG,2011
49,The Smurfs 2,5.2,PG,2013
49,Think Like a Man Too,5.6,PG-13,2014
49,Black Mass,7.0,R,2015
49,Ice Age 5 Collision Course,5.7,PG,2016
49,The Shack,6.3,PG-13,2017
49,Pacific Rim Uprising,5.9,PG-13,2018
49,The Best of Enemies,6.9,,2019
50,Ghost Dad,4.0,PG,1990
50,Don't Tell Mom the Babysitter's Dead,5.5,PG-13,1991
50,Candyman,6.5,R,1992
50,I.Q.,6.0,PG,1994
50,Money Train,5.3,R,1995
50,Matilda,6.6,PG,1996
50,Donnie Brasco,7.8,R,1997
50,Mysteries of Egypt,6.3,G,1998
50,Stigmata,6.1,R,1999
50,The Hurricane,7.4,R,2000
50,Enemy at the Gates,7.4,R,2001
50,Open Range,7.5,R,2003
50,Without a Paddle,5.7,PG-13,2004
50,Be Cool,5.6,PG-13,2005
50,The Good Shepherd,6.8,R,2006
50,Are We Done Yet?,3.5,PG,2007
50,Obsessed,4.5,PG-13,2009
50,Justin Bieber: Never Say Never,1.2,G,2011
50,Hope Springs,6.4,PG-13,2012
50,The Best Man Holiday,6.8,R,2013
50,Exodus: Gods and Kings,6.1,PG-13,2014
50,The Boss,5.3,R,2016
50,Darkest Hour,7.0,PG-13,2017
50,Hotel Mumbai,7.8,,2019
51,The Sorcerer's Apprentice,6.3,PG,2010
51,Underworld Awakening,6.4,R,2012
51,Percy Jackson: Sea of Monsters,5.9,PG,2013
51,The Nut Job,5.8,PG,2014
51,The Perfect Guy,5.5,PG-13,2015
51,London Has Fallen,5.9,R,2016
51,Happy Death Day,6.6,PG-13,2017
51,Tomb Raider,6.8,PG-13,2018
51,No Manches Frida 2,3.5,,2019
52,No Strings Attached,6.3,R,2011
52,A Good Day to Die Hard,5.4,R,2013
52,Joy,6.6,PG-13,2015
52,Miracles from Heaven,6.8,PG,2016
52,"Three Billboards Outside Ebbing, Missouri",8.5,R,2017
52,The Nutcracker and the Four Realms,5.6,,2018
52,Apollo 11,8.6,,2019
53,The Last Song,4.3,PG,2010
53,Mr. Popper's Penguins,5.9,PG,2011
53,The Dictator,6.6,R,2012
53,Son of God,5.4,PG-13,2014
53,Fantastic Four,4.2,PG-13,2015
53,Deepwater Horizon,7.2,PG-13,2016
53,Lion,8.1,PG-13,2017
53,Tag,6.6,R,2018
53,Serenity,5.3,,2019
54,Jack the Giant Slayer,6.4,PG-13,2013
54,Planes: Fire & Rescue,5.8,PG,2014
54,The Hateful Eight,7.9,R,2015
54,Why Him?,6.3,R,2016
54,American Made,7.3,R,2017
54,A Simple Favor,7.2,,2018
54,Penguins,6.8,,2019
55,Get Him to the Greek,6.6,R,2010
55,Happy Feet Two,5.9,NR,2011
55,American Reunion,7.0,R,2012
55,RoboCop,6.4,PG-13,2014
55,Focus,6.6,R,2015
55,My Big Fat Greek Wedding 2,6.1,PG-13,2016
55,Life of the Party,5.5,PG-13,2018
55,Run the Race,6.4,,2019
56,Resident Evil: Afterlife,5.9,R,2010
56,ParaNorman,7.2,PG,2012
56,Last Vegas,6.7,PG-13,2013
56,The Grand Budapest Hotel,8.3,R,2014
56,Southpaw,7.6,R,2015
56,Jack Reacher 2 Never Go Back,6.1,PG-13,2016
56,Lady Bird,7.9,R,2017
56,Captive State,6.6,PG-13,2019
57,Why Did I Get Married Too?,3.0,PG-13,2010
57,Unknown,7.0,PG-13,2011
57,Insidious: Chapter 3,6.2,PG-13,2015
57,Fences,7.3,PG-13,2016
57,The Dark Tower,6.0,PG-13,2017
57,Overboard,5.9,PG-13,2018
57,The Wandering Earth,7.3,,2019
58,Water for Elephants,7.0,PG-13,2011
58,Project X,6.7,R,2012
58,Prisoners,8.1,R,2013
58,Horrible Bosses 2,6.4,R,2014
58,Selma,7.6,PG-13,2015
58,Me Before You,7.5,PG-13,2016
58,Boo 2! A Madea Halloween,3.1,PG-13,2017
58,Sicario: Day of the Soldado,7.3,R,2018
58,Gloria Bell,6.6,,2019
59,Secretariat,7.1,PG,2010
59,The Hundred-Foot Journey,7.5,PG,2014
59,Poltergeist,5.0,PG-13,2015
59,The BFG,6.6,PG,2016
59,I Feel Pretty,5.2,PG-13,2018
59,Stan & Ollie,7.6,,2019
60,Hanna,7.0,PG-13,2011
60,Paranormal Activity 4,4.4,R,2012
60,The Secret Life of Walter Mitty,7.5,PG,2013
60,No Good Deed,5.6,PG-13,2014
60,Neighbors 2 Sorority Rising,5.9,R,2016
60,The Great Wall,6.1,PG-13,2017
60,BlacKkKlansman,7.8,R,2018
60,The Mustang,7.4,,2019
61,Takers,5.8,PG-13,2010
61,Escape from Planet Earth,5.5,PG,2013
61,Muppets Most Wanted,6.9,PG,2014
61,Sicario,7.7,R,2015
61,The Shallows,6.4,PG-13,2016
61,Going in Style,6.7,PG-13,2017
61,Vice,7.1,,2018
61,The Sun Is Also a Star,5.5,,2019
62,Legend of the Guardians: The Owls of Ga'Hoole,7.0,PG,2010
62,Friends with Benefits,6.6,R,2011
62,Ghost Rider: Spirit of Vengeance,4.5,PG-13,2012
62,The Man from U.N.C.L.E.,7.3,PG-13,2015
62,Office Christmas Party,5.9,R,2016
62,Smurfs: The Lost Village,5.9,PG,2017
62,Red Sparrow,6.7,R,2018
62,Tolkien,7.0,,2019
63,Free Birds,5.8,PG,2013
63,Jack Ryan: Shadow Recruit,6.5,PG-13,2014
63,Spotlight,8.1,R,2015
63,Assassin's Creed,6.0,PG-13,2016
63,All Eyez on Me,5.8,R,2017
63,Goosebumps 2: Haunted Halloween,6.0,,2018
63,Amazing Grace,7.7,,2019
64,Letters to Juliet,6.3,PG,2010
64,New Year's Eve,5.4,PG-13,2011
64,The Grey,6.9,R,2012
64,Hansel and Gretel: Witch Hunters,6.1,R,2013
64,McFarland USA,7.5,PG,2015
64,Barbershop 3 The Next Cut,5.9,PG-13,2016
64,xXx: Return of Xander Cage,5.3,PG-13,2017
64,Breaking In,5.2,PG-13,2018
64,Uri: The Surgical Strike,9.0,,2019
65,Wall Street: Money Never Sleeps,6.4,PG-13,2010
65,I Am Number Four,6.3,PG-13,2011
65,The Boxtrolls,7.0,PG,2014
65,The Gift,7.3,R,2015
65,13 Hours: The Secret Soldiers of Benghazi,7.4,R,2016
65,47 Meters Down,5.8,PG-13,2017
65,12 Strong,7.0,R,2018
65,Replicas,5.4,PG-13,2019
66,The Possession,5.8,R,2012
66,Red 2,6.7,PG-13,2013
66,Book of Life,7.4,PG,2014
66,Everest,7.1,PG-13,2015
66,Kubo and the Two Strings,8.1,PG,2016
66,Den of Thieves,7.2,R,2018
66,The Beach Bum,6.2,,2019
67,Hot Tub Time Machine,6.7,R,2010
67,Madeas Big Happy Family,2.7,PG-13,2011
67,Diary of a Wimpy Kid: Dog Days,6.1,PG,2012
67,About Last Night,6.1,R,2014
67,The Night Before,6.6,R,2015
67,The Huntsman Winter's War,6.1,PG-13,2016
67,Ghost in the Shell,6.5,PG-13,2017
67,First Man,7.6,PG-13,2018
67,Everybody Knows,7.0,,2019
68,Temptation: Confessions of a Marriage Counselor,3.8,PG-13,2013
68,Max,6.9,PG,2015
68,Manchester by the Sea,8.0,R,2016
68,Valerian and the City of a Thousand Planets,6.7,PG-13,2017
68,Hereditary,7.4,R,2018
68,Arctic,7.3,,2019
69,Killers,4.8,PG-13,2010
69,Footloose,5.5,PG-13,2011
69,Savages,6.6,R,2012
69,The Judge,7.5,R,2014
69,Krampus,6.4,PG-13,2015
69,The Big Sick,7.9,R,2017
69,Tyler Perry's Acrimony,5.5,R,2018
69,The Biggest Little Farm,8.2,,2019
70,Saw 3D,5.6,R,2010
70,The Best Exotic Marigold Hotel,7.3,PG-13,2012
70,Pain & Gain,6.6,R,2013
70,Jersey Boys,7.3,R,2014
70,The Age of Adaline,7.3,PG-13,2015
70,How to Be Single,6.1,R,2016
70,King Arthur: Legend of the Sword,7.0,PG-13,2017
70,Sherlock Gnomes,4.7,PG,2018
70,The Aftermath,6.3,,2019
71,Arthur Christmas,7.0,PG,2011
71,Brooklyn,7.5,PG-13,2015
71,Mike and Dave Need Wedding Dates,6.1,R,2016
71,Jigsaw,6.1,R,2017
71,Uncle Drew,5.7,PG-13,2018
71,The Kid,6.4,,2019
72,The Lovely Bones,6.6,PG-13,2010
72,Here Comes the Boom,6.4,R,2012
72,The Internship,6.2,PG-13,2013
72,The Giver,6.6,PG-13,2014
72,The Longest Ride,7.2,PG-13,2015
72,War Dogs,7.2,R,2016
72,American Assassin,6.7,R,2017
72,Widows,7.4,R,2018
72,Red Joan,6.3,,2019
73,Cats & Dogs: The Revenge of Kitty Galore,3.1,PG,2010
73,The Artist,8.2,PG-13,2011
73,Instructions Not Included,7.4,PG-13,2013
73,St. Vincent,7.3,PG-13,2014
73,Almost Christmas,6.0,PG-13,2016
73,The Foreigner,7.2,R,2017
73,"Love, Simon",8.1,PG-13,2018
74,The Three Stooges,5.2,PG-13,2012
74,Pan,5.9,PG,2015
74,Money Monster,6.6,R,2016
74,"Everything, Everything",6.3,PG-13,2017
74,Truth or Dare,5.1,PG-13,2018
75,Gulliver's Travels,4.8,PG,2010
75,Final Destination 5,6.1,R,2011
75,Resident Evil: Retribution,5.3,R,2012
75,Riddick,6.5,R,2013
75,John Wick,7.2,R,2014
75,Concussion,7.1,PG-13,2015
75,Allied,7.1,R,2016
75,Wind River,8.0,R,2017
75,Paddington 2,8.2,PG,2018
76,The Cabin in the Woods,7.3,R,2012
76,Hot Pursuit,5.0,PG-13,2015
76,Nerve,6.7,PG-13,2016
76,Geostorm,5.5,PG-13,2017
76,Second Act,6.0,,2018
77,Step Up 3D,5.3,PG-13,2010
77,Something Borrowed,5.5,PG-13,2011
77,What to Expect When You're Expecting,5.4,PG-13,2012
77,47 Ronin,6.4,PG-13,2013
77,Dolphin Tale 2,6.5,PG,2014
77,The DUFF,6.6,PG-13,2015
77,Risen,6.3,PG-13,2016
77,Monster Trucks,5.6,PG,2017
77,The Commuter,6.5,PG-13,2018
78,The Last Exorcism,5.8,PG-13,2010
78,Spy Kids 4: All the Time in the World,3.1,PG,2011
78,Philomena,7.7,PG-13,2013
78,Woman in Gold,7.4,PG-13,2015
78,The Nice Guys,7.5,R,2016
78,The 15:17 to Paris,5.1,PG-13,2018
79,"Big Mommas: Like Father, Like Son",3.5,PG-13,2011
79,Rock of Ages,6.0,PG-13,2012
79,Million Dollar Arm,7.4,PG,2014
79,The Second Best Exotic Marigold Hotel,6.6,PG,2015
79,The Boy,6.0,PG-13,2016
79,How to Be a Latin Lover,5.7,PG-13,2017
79,Mile 22,6.1,R,2018
80,Crazy Heart,7.4,R,2010
80,Walking with Dinosaurs 3D,5.1,PG,2013
80,The Expendables 3,6.2,PG-13,2014
80,Entourage,6.8,R,2015
80,Dirty Grandpa,6.0,R,2016
80,Patriots Day,7.4,R,2017
80,Alpha,7.0,PG-13,2018
81,In Time,6.5,PG-13,2011
81,Lawless,7.4,R,2012
81,Paper Towns,6.5,PG-13,2015
81,The 5th Wave,5.2,PG-13,2016
81,Kidnap,6.0,R,2017
82,The Crazies,6.7,R,2010
82,Paul,7.1,R,2011
82,Texas Chainsaw 3D,4.8,R,2013
82,Earth to Echo,5.8,PG,2014
82,Chappie,7.0,R,2015
82,Ouija 2: Origin of Evil,6.2,PG-13,2016
82,Underworld Blood Wars,5.9,R,2017
82,The Favourite,7.9,,2018
83,For Colored Girls,4.4,R,2010
83,J. Edgar,6.9,R,2011
83,That's My Boy,5.5,R,2012
83,R.I.P.D.,5.5,PG-13,2013
83,Wild,7.2,R,2014
83,Unfriended,5.6,R,2015
83,Inferno,6.2,PG-13,2016
83,The Mountain Between Us,6.2,PG-13,2017
83,Death Wish,6.5,R,2018
84,Trouble with the Curve,6.7,PG-13,2012
84,Blue Jasmine,7.7,PG-13,2013
84,August: Osage County,7.4,R,2014
84,Crimson Peak,6.7,R,2015
84,Mother's Day,5.5,PG-13,2016
84,Life,6.7,R,2017
84,The Spy Who Dumped Me,6.4,R,2018
85,Vampires Suck,3.3,PG-13,2010
85,Jumping the Broom,4.5,PG-13,2011
85,Kevin Hart: Let Me Explain,6.2,R,2013
85,The Theory of Everything,7.8,PG-13,2014
85,A Walk in the Woods,6.3,R,2015
85,Gods of Egypt,5.6,PG-13,2016
85,Logan Lucky,7.3,PG-13,2017
86,The American,6.6,R,2010
86,Step Up Revolution,6.2,PG-13,2012
86,Point Break,5.3,PG-13,2015
86,Collateral Beauty,6.7,PG-13,2016
86,Rings,4.5,PG-13,2017
86,Isle of Dogs,8.0,PG-13,2018
87,Green Zone,7.1,R,2010
87,The Change-Up,6.5,R,2011
87,Good Deeds,4.2,PG-13,2012
87,Scary Movie 5,3.4,PG-13,2013
87,The Gambler,6.1,R,2014
87,Sinister 2,5.3,R,2015
87,"Hail, Caesar!",6.4,PG-13,2016
87,Home Again,5.7,PG-13,2017
87,Nobody's Fool,4.3,,2018
88,The Mortal Instruments: City of Bones,6.0,PG-13,2013
88,Paranormal Activity The Marked Ones,5.1,R,2014
88,The Last Witch Hunter,6.0,PG-13,2015
88,When the Bough Breaks,4.4,PG-13,2016
88,Resident Evil: The Final Chapter,5.6,R,2017
88,Adrift,6.6,PG-13,2018
89,Devil,6.5,PG-13,2010
89,Sucker Punch,6.3,PG-13,2011
89,2016: Obama's America,5.0,PG,2012
89,Nightcrawler,8.0,R,2014
89,No Escape,6.8,R,2015
89,Zoolander 2,4.8,PG-13,2016
89,The Nut Job 2: Nutty by Nature,4.6,PG,2017
89,Robin Hood,5.3,PG-13,2018
90,Hereafter,6.8,PG-13,2010
90,Larry Crowne,6.0,PG-13,2011
90,Extremely Loud and Incredibly Close,6.8,PG-13,2012
90,Grudge Match,6.6,PG-13,2013
90,Chef,7.4,R,2014
90,Ricki and the Flash,6.1,PG-13,2015
90,The Finest Hours,6.8,PG-13,2016
90,The House,5.5,R,2017
90,Super Troopers 2,6.2,R,2018
91,One Direction: This Is Us,3.5,PG,2013
91,The Woman in Black 2: Angel of Death,5.0,PG-13,2015
91,Florence Foster Jenkins,7.1,PG-13,2016
91,All the Money in the World,7.2,R,2017
91,Holmes and Watson,3.4,,2018
92,Love and Other Drugs,6.6,R,2010
92,A Very Harold & Kumar 3D Christmas,6.5,R,2011
92,The Pirates! Band of Misfits,6.8,PG,2012
92,Deliver Us from Evil,6.4,R,2014
92,Run All Night,6.6,R,2015
92,Hell or High Water,7.8,R,2016
92,Gifted,7.7,PG-13,2017
92,Slender Man,3.0,PG-13,2018
93,She's Out of My League,6.6,R,2010
93,50/50,7.9,PG-13,2011
93,Joyful Noise,4.9,PG-13,2012
93,Dallas Buyers Club,8.0,R,2013
93,Get on Up,7.1,PG-13,2014
93,Love the Coopers,5.7,PG-13,2015
93,The Forest,4.8,PG-13,2016
93,Downsizing,5.9,R,2017
93,"I, Tonya",7.7,R,2018
94,Scott Pilgrim vs. the World,7.7,PG-13,2010
94,Courageous,6.5,PG-13,2011
94,The Iron Lady,6.4,PG-13,2012
94,Rush,8.3,R,2013
94,When the Game Stands Tall,7.0,PG,2014
94,The Lazarus Effect,5.2,PG-13,2015
94,Ben-Hur,5.7,PG-13,2016
94,The Bye Bye Man,4.2,PG-13,2017
94,Hostiles,7.3,R,2018
95,Charlie St. Cloud,6.0,PG-13,2010
95,Chimpanzee,6.9,G,2012
95,Draft Day,7.0,R,2014
95,Moonlight,7.7,R,2016
95,Victoria and Abdul,6.8,PG-13,2017
95,The Hate U Give,6.9,,2018
96,Arthur,5.7,PG-13,2011
96,The Five-Year Engagement,6.3,R,2012
96,The World's End,7.1,R,2013
96,In the Heart of the Sea,7.0,PG-13,2015
96,The Witch,6.8,R,2016
96,Rough Night,5.2,R,2017
96,Teen Titans Go! To the Movies,6.8,PG,2018
97,How Do You Know,5.3,PG-13,2010
97,The Debt,6.9,R,2011
97,Cloud Atlas,7.7,R,2012
97,21 and Over,5.7,R,2013
97,The Best of Me,6.6,PG-13,2014
97,The Gallows,4.3,R,2015
97,Bridget Jones's Baby,6.9,R,2016
97,My Little Pony: The Movie,7.0,PG,2017
97,Molly's Game,7.6,R,2018
98,Daybreakers,6.6,PG-13,2010
98,One for the Money,5.1,PG-13,2012
98,Hitman Agent 47,5.8,R,2015
98,Kevin Hart: What Now?,5.7,R,2016
98,Leap!,6.8,PG,2017
98,Searching,7.9,,2018
99,The Mechanic,6.5,R,2011
99,Alex Cross,4.9,R,2012
99,Don Jon,6.8,R,2013
99,A Walk Among the Tombstones,6.7,R,2014
99,Project Almanac,6.3,PG-13,2015
99,Whiskey Tango Foxtrot,6.6,R,2016
99,The Disaster Artist,8.0,R,2017
99,Winchester,5.4,PG-13,2018
100,The Switch,5.9,PG-13,2010
100,Katy Perry: Part of Me,4.8,PG,2012
100,Black or White,6.4,PG-13,2015
100,Snowden,7.4,R,2016
100,Sleepless,5.6,R,2017
100,The Strangers: Prey at Night,5.7,R,2018
